{
  "project_info": {
    "project_number": "262860368208",
    "firebase_url": "https://firelogin90791.firebaseio.com",
    "project_id": "firelogin90791",
    "storage_bucket": "firelogin90791.appspot.com"
  },
  "client": [
    {
      "client_info": {
        "mobilesdk_app_id": "1:262860368208:android:b1544876eb2b30b7f52455",
        "android_client_info": {
          "package_name": "com.example.yashagarwal.firelogin"
        }
      },
      "oauth_client": [
        {
          "client_id": "262860368208-j1hvstunnakg5ent2dnbr03sq826iikb.apps.googleusercontent.com",
          "client_type": 3
        }
      ],
      "api_key": [
        {
          "current_key": "AIzaSyCKH6fBOjmQ_TRtvDeObAnqHvpaNwrUrV0"
        }
      ],
      "services": {
        "appinvite_service": {
          "other_platform_oauth_client": [
            {
              "client_id": "262860368208-j1hvstunnakg5ent2dnbr03sq826iikb.apps.googleusercontent.com",
              "client_type": 3
            }
          ]
        }
      }
    }
  ],
  "configuration_version": "1"
}